{"health:172.21.0.1:anonymous:d783bce1": [1761617928.268433], "health:172.22.0.1:anonymous:0e1fb5c7": [1761618160.5054963, 1761618161.7950811, 1761618168.1699107, 1761618171.4364257, 1761618172.767272, 1761618173.2073588, 1761618174.0928295, 1761618174.3069284, 1761618174.432198, 1761618174.5650682, 1761618174.8039258, 1761618175.0546637, 1761618175.292263, 1761618175.4170477, 1761618175.5687616, 1761618175.7964578, 1761618175.9564774, 1761618176.1162913, 1761618176.2655587, 1761618176.436078, 1761618176.5912445, 1761618176.7641542, 1761618176.9321055, 1761618177.0834136, 1761618177.2384653, 1761618177.3967617, 1761618177.5540133, 1761618177.7171853, 1761618177.8451989], "api_general:172.22.0.1:124690d3-458f-4ead-8c57-532a7cd6892b:0e1fb5c7": [1761618187.1047537, 1761618405.81665, 1761618438.363026, 1761618547.3474, 1761618701.4192247, 1761618702.951805], "api_burst:172.22.0.1:124690d3-458f-4ead-8c57-532a7cd6892b:0e1fb5c7": [1761618701.419257, 1761618702.9518242], "search_detailed:172.22.0.1:124690d3-458f-4ead-8c57-532a7cd6892b:0e1fb5c7": [1761618187.1048083, 1761618405.8166978, 1761618438.3630786, 1761618547.347458, 1761618701.4192705, 1761618702.9518332], "search_burst:172.22.0.1:124690d3-458f-4ead-8c57-532a7cd6892b:0e1fb5c7": [1761618701.41928, 1761618702.9518414]}